"filename", "language", "Java Properties", "Java", "comment", "blank", "total"
"c:\Users\Fire and Ice\Documents\GitHub\backend\plate_back\plate_back\src\main\java\com\example\demo\Angular001Application.java", "Java", 0, 14, 11, 5, 30
"c:\Users\Fire and Ice\Documents\GitHub\backend\plate_back\plate_back\src\main\java\com\example\demo\Exception\AppExceptionHandler.java", "Java", 0, 356, 28, 48, 432
"c:\Users\Fire and Ice\Documents\GitHub\backend\plate_back\plate_back\src\main\java\com\example\demo\Exception\CustomAccessDeniedHandler.java", "Java", 0, 24, 0, 8, 32
"c:\Users\Fire and Ice\Documents\GitHub\backend\plate_back\plate_back\src\main\java\com\example\demo\Exception\CustomAllException.java", "Java", 0, 7, 3, 3, 13
"c:\Users\Fire and Ice\Documents\GitHub\backend\plate_back\plate_back\src\main\java\com\example\demo\Exception\CustomAuthenticationEntryPoint.java", "Java", 0, 42, 3, 14, 59
"c:\Users\Fire and Ice\Documents\GitHub\backend\plate_back\plate_back\src\main\java\com\example\demo\Exception\CustomDataNotFoundException.java", "Java", 0, 10, 3, 3, 16
"c:\Users\Fire and Ice\Documents\GitHub\backend\plate_back\plate_back\src\main\java\com\example\demo\Exception\CustomPasswordErrorHandler.java", "Java", 0, 7, 3, 5, 15
"c:\Users\Fire and Ice\Documents\GitHub\backend\plate_back\plate_back\src\main\java\com\example\demo\Exception\CustomRequestRejectedHandler.java", "Java", 0, 18, 0, 6, 24
"c:\Users\Fire and Ice\Documents\GitHub\backend\plate_back\plate_back\src\main\java\com\example\demo\Exception\CustomTokenExpiredException.java", "Java", 0, 6, 4, 3, 13
"c:\Users\Fire and Ice\Documents\GitHub\backend\plate_back\plate_back\src\main\java\com\example\demo\Exception\ExceptionsList.java", "Java", 0, 9, 3, 2, 14
"c:\Users\Fire and Ice\Documents\GitHub\backend\plate_back\plate_back\src\main\java\com\example\demo\Exception\PostNotFoundException.java", "Java", 0, 6, 0, 2, 8
"c:\Users\Fire and Ice\Documents\GitHub\backend\plate_back\plate_back\src\main\java\com\example\demo\Exception\SpringBlogException.java", "Java", 0, 6, 0, 2, 8
"c:\Users\Fire and Ice\Documents\GitHub\backend\plate_back\plate_back\src\main\java\com\example\demo\ServletInitializer.java", "Java", 0, 9, 0, 5, 14
"c:\Users\Fire and Ice\Documents\GitHub\backend\plate_back\plate_back\src\main\java\com\example\demo\admin\controller\AdminController.java", "Java", 0, 119, 79, 28, 226
"c:\Users\Fire and Ice\Documents\GitHub\backend\plate_back\plate_back\src\main\java\com\example\demo\admin\dto\RegisterActorDto.java", "Java", 0, 99, 0, 29, 128
"c:\Users\Fire and Ice\Documents\GitHub\backend\plate_back\plate_back\src\main\java\com\example\demo\admin\dto\RoleDto.java", "Java", 0, 51, 1, 5, 57
"c:\Users\Fire and Ice\Documents\GitHub\backend\plate_back\plate_back\src\main\java\com\example\demo\admin\mapper\AdminMapper.java", "Java", 0, 87, 13, 46, 146
"c:\Users\Fire and Ice\Documents\GitHub\backend\plate_back\plate_back\src\main\java\com\example\demo\admin\model\ChangePassword.java", "Java", 0, 41, 1, 15, 57
"c:\Users\Fire and Ice\Documents\GitHub\backend\plate_back\plate_back\src\main\java\com\example\demo\admin\model\Functionality.java", "Java", 0, 46, 0, 15, 61
"c:\Users\Fire and Ice\Documents\GitHub\backend\plate_back\plate_back\src\main\java\com\example\demo\admin\model\Logs.java", "Java", 0, 147, 1, 40, 188
"c:\Users\Fire and Ice\Documents\GitHub\backend\plate_back\plate_back\src\main\java\com\example\demo\admin\model\Role.java", "Java", 0, 49, 1, 4, 54
"c:\Users\Fire and Ice\Documents\GitHub\backend\plate_back\plate_back\src\main\java\com\example\demo\admin\model\UserActivity.java", "Java", 0, 131, 1, 37, 169
"c:\Users\Fire and Ice\Documents\GitHub\backend\plate_back\plate_back\src\main\java\com\example\demo\admin\model\UserName.java", "Java", 0, 17, 1, 4, 22
"c:\Users\Fire and Ice\Documents\GitHub\backend\plate_back\plate_back\src\main\java\com\example\demo\admin\model\Users.java", "Java", 0, 98, 5, 29, 132
"c:\Users\Fire and Ice\Documents\GitHub\backend\plate_back\plate_back\src\main\java\com\example\demo\admin\service\AdminService.java", "Java", 0, 497, 284, 69, 850
"c:\Users\Fire and Ice\Documents\GitHub\backend\plate_back\plate_back\src\main\java\com\example\demo\approver\controller\ApproverController.java", "Java", 0, 87, 0, 26, 113
"c:\Users\Fire and Ice\Documents\GitHub\backend\plate_back\plate_back\src\main\java\com\example\demo\approver\mapper\ApproverMapper.java", "Java", 0, 106, 0, 46, 152
"c:\Users\Fire and Ice\Documents\GitHub\backend\plate_back\plate_back\src\main\java\com\example\demo\approver\model\AccountAccountRequest.java", "Java", 0, 33, 1, 5, 39
"c:\Users\Fire and Ice\Documents\GitHub\backend\plate_back\plate_back\src\main\java\com\example\demo\approver\model\AccountRequest.java", "Java", 0, 106, 2, 55, 163
"c:\Users\Fire and Ice\Documents\GitHub\backend\plate_back\plate_back\src\main\java\com\example\demo\approver\model\CurrencyRequest.java", "Java", 0, 98, 2, 50, 150
"c:\Users\Fire and Ice\Documents\GitHub\backend\plate_back\plate_back\src\main\java\com\example\demo\approver\model\CurrencyRequestRemark.java", "Java", 0, 33, 1, 5, 39
"c:\Users\Fire and Ice\Documents\GitHub\backend\plate_back\plate_back\src\main\java\com\example\demo\approver\model\Remark.java", "Java", 0, 49, 1, 4, 54
"c:\Users\Fire and Ice\Documents\GitHub\backend\plate_back\plate_back\src\main\java\com\example\demo\approver\service\ApproverService.java", "Java", 0, 355, 0, 42, 397
"c:\Users\Fire and Ice\Documents\GitHub\backend\plate_back\plate_back\src\main\java\com\example\demo\config\CookieUtil.java", "Java", 0, 26, 43, 9, 78
"c:\Users\Fire and Ice\Documents\GitHub\backend\plate_back\plate_back\src\main\java\com\example\demo\config\SecurityConfig.java", "Java", 0, 48, 86, 10, 144
"c:\Users\Fire and Ice\Documents\GitHub\backend\plate_back\plate_back\src\main\java\com\example\demo\controller\AuthController.java", "Java", 0, 74, 0, 18, 92
"c:\Users\Fire and Ice\Documents\GitHub\backend\plate_back\plate_back\src\main\java\com\example\demo\controller\NoFilterController.java", "Java", 0, 36, 1, 12, 49
"c:\Users\Fire and Ice\Documents\GitHub\backend\plate_back\plate_back\src\main\java\com\example\demo\controller\PostController.java", "Java", 0, 32, 1, 9, 42
"c:\Users\Fire and Ice\Documents\GitHub\backend\plate_back\plate_back\src\main\java\com\example\demo\controller\ProfileController.java", "Java", 0, 21, 0, 6, 27
"c:\Users\Fire and Ice\Documents\GitHub\backend\plate_back\plate_back\src\main\java\com\example\demo\controller\UtilController.java", "Java", 0, 15, 0, 5, 20
"c:\Users\Fire and Ice\Documents\GitHub\backend\plate_back\plate_back\src\main\java\com\example\demo\dto\CheckUsernameRequest.java", "Java", 0, 18, 0, 8, 26
"c:\Users\Fire and Ice\Documents\GitHub\backend\plate_back\plate_back\src\main\java\com\example\demo\dto\LoginRequest.java", "Java", 0, 59, 0, 19, 78
"c:\Users\Fire and Ice\Documents\GitHub\backend\plate_back\plate_back\src\main\java\com\example\demo\dto\LogoutRequest.java", "Java", 0, 25, 0, 11, 36
"c:\Users\Fire and Ice\Documents\GitHub\backend\plate_back\plate_back\src\main\java\com\example\demo\dto\PostDto.java", "Java", 0, 42, 0, 15, 57
"c:\Users\Fire and Ice\Documents\GitHub\backend\plate_back\plate_back\src\main\java\com\example\demo\dto\RegisterRequest.java", "Java", 0, 103, 0, 36, 139
"c:\Users\Fire and Ice\Documents\GitHub\backend\plate_back\plate_back\src\main\java\com\example\demo\dto\SubjectDto.java", "Java", 0, 34, 0, 14, 48
"c:\Users\Fire and Ice\Documents\GitHub\backend\plate_back\plate_back\src\main\java\com\example\demo\dto\TokenDto.java", "Java", 0, 25, 1, 9, 35
"c:\Users\Fire and Ice\Documents\GitHub\backend\plate_back\plate_back\src\main\java\com\example\demo\dto\UpdateProfileRequest.java", "Java", 0, 28, 0, 12, 40
"c:\Users\Fire and Ice\Documents\GitHub\backend\plate_back\plate_back\src\main\java\com\example\demo\jwt\JwtHelper.java", "Java", 0, 108, 3, 28, 139
"c:\Users\Fire and Ice\Documents\GitHub\backend\plate_back\plate_back\src\main\java\com\example\demo\mapper\MapperAuth.java", "Java", 0, 126, 10, 49, 185
"c:\Users\Fire and Ice\Documents\GitHub\backend\plate_back\plate_back\src\main\java\com\example\demo\mapper\MapperTeacher.java", "Java", 0, 10, 0, 8, 18
"c:\Users\Fire and Ice\Documents\GitHub\backend\plate_back\plate_back\src\main\java\com\example\demo\mm\Mm.java", "Java", 0, 48, 0, 13, 61
"c:\Users\Fire and Ice\Documents\GitHub\backend\plate_back\plate_back\src\main\java\com\example\demo\mm\MmController.java", "Java", 0, 63, 6, 19, 88
"c:\Users\Fire and Ice\Documents\GitHub\backend\plate_back\plate_back\src\main\java\com\example\demo\mm\MmInitializer.java", "Java", 0, 16, 100, 12, 128
"c:\Users\Fire and Ice\Documents\GitHub\backend\plate_back\plate_back\src\main\java\com\example\demo\mm\MmRepository.java", "Java", 0, 4, 0, 4, 8
"c:\Users\Fire and Ice\Documents\GitHub\backend\plate_back\plate_back\src\main\java\com\example\demo\model\Account.java", "Java", 0, 89, 0, 12, 101
"c:\Users\Fire and Ice\Documents\GitHub\backend\plate_back\plate_back\src\main\java\com\example\demo\model\ApiError.java", "Java", 0, 59, 1, 19, 79
"c:\Users\Fire and Ice\Documents\GitHub\backend\plate_back\plate_back\src\main\java\com\example\demo\model\AuthenticationResponse.java", "Java", 0, 17, 0, 10, 27
"c:\Users\Fire and Ice\Documents\GitHub\backend\plate_back\plate_back\src\main\java\com\example\demo\model\BaseModel.java", "Java", 0, 15, 0, 7, 22
"c:\Users\Fire and Ice\Documents\GitHub\backend\plate_back\plate_back\src\main\java\com\example\demo\model\Comment.java", "Java", 0, 56, 0, 18, 74
"c:\Users\Fire and Ice\Documents\GitHub\backend\plate_back\plate_back\src\main\java\com\example\demo\model\CurrencyRequest.java", "Java", 0, 73, 0, 23, 96
"c:\Users\Fire and Ice\Documents\GitHub\backend\plate_back\plate_back\src\main\java\com\example\demo\model\Currencyy.java", "Java", 0, 83, 0, 23, 106
"c:\Users\Fire and Ice\Documents\GitHub\backend\plate_back\plate_back\src\main\java\com\example\demo\model\Errors.java", "Java", 0, 99, 1, 28, 128
"c:\Users\Fire and Ice\Documents\GitHub\backend\plate_back\plate_back\src\main\java\com\example\demo\model\Files_.java", "Java", 0, 91, 0, 5, 96
"c:\Users\Fire and Ice\Documents\GitHub\backend\plate_back\plate_back\src\main\java\com\example\demo\model\Post.java", "Java", 0, 59, 0, 19, 78
"c:\Users\Fire and Ice\Documents\GitHub\backend\plate_back\plate_back\src\main\java\com\example\demo\model\RefreshToken.java", "Java", 0, 16, 0, 7, 23
"c:\Users\Fire and Ice\Documents\GitHub\backend\plate_back\plate_back\src\main\java\com\example\demo\model\Remark.java", "Java", 0, 56, 0, 20, 76
"c:\Users\Fire and Ice\Documents\GitHub\backend\plate_back\plate_back\src\main\java\com\example\demo\model\Rights.java", "Java", 0, 35, 1, 13, 49
"c:\Users\Fire and Ice\Documents\GitHub\backend\plate_back\plate_back\src\main\java\com\example\demo\model\Roles.java", "Java", 0, 38, 0, 17, 55
"c:\Users\Fire and Ice\Documents\GitHub\backend\plate_back\plate_back\src\main\java\com\example\demo\model\User.java", "Java", 0, 125, 0, 37, 162
"c:\Users\Fire and Ice\Documents\GitHub\backend\plate_back\plate_back\src\main\java\com\example\demo\model\UserRole.java", "Java", 0, 23, 0, 9, 32
"c:\Users\Fire and Ice\Documents\GitHub\backend\plate_back\plate_back\src\main\java\com\example\demo\response\APIResponse.java", "Java", 0, 142, 15, 38, 195
"c:\Users\Fire and Ice\Documents\GitHub\backend\plate_back\plate_back\src\main\java\com\example\demo\security\AccessTokenFilter.java", "Java", 0, 86, 2, 18, 106
"c:\Users\Fire and Ice\Documents\GitHub\backend\plate_back\plate_back\src\main\java\com\example\demo\service\AuthService.java", "Java", 0, 269, 60, 50, 379
"c:\Users\Fire and Ice\Documents\GitHub\backend\plate_back\plate_back\src\main\java\com\example\demo\service\PostService.java", "Java", 0, 46, 0, 13, 59
"c:\Users\Fire and Ice\Documents\GitHub\backend\plate_back\plate_back\src\main\java\com\example\demo\service\ProfileService.java", "Java", 0, 53, 2, 17, 72
"c:\Users\Fire and Ice\Documents\GitHub\backend\plate_back\plate_back\src\main\java\com\example\demo\service\RemarkService.java", "Java", 0, 0, 54, 1, 55
"c:\Users\Fire and Ice\Documents\GitHub\backend\plate_back\plate_back\src\main\java\com\example\demo\service\UserDetailsServiceImpl.java", "Java", 0, 38, 1, 11, 50
"c:\Users\Fire and Ice\Documents\GitHub\backend\plate_back\plate_back\src\main\java\com\example\demo\service\UtilService.java", "Java", 0, 0, 0, 1, 1
"c:\Users\Fire and Ice\Documents\GitHub\backend\plate_back\plate_back\src\main\java\com\example\demo\user\controller\AccountController.java", "Java", 0, 96, 52, 27, 175
"c:\Users\Fire and Ice\Documents\GitHub\backend\plate_back\plate_back\src\main\java\com\example\demo\user\controller\BTBController.java", "Java", 0, 1, 43, 1, 45
"c:\Users\Fire and Ice\Documents\GitHub\backend\plate_back\plate_back\src\main\java\com\example\demo\user\controller\CurrencyController.java", "Java", 0, 79, 60, 23, 162
"c:\Users\Fire and Ice\Documents\GitHub\backend\plate_back\plate_back\src\main\java\com\example\demo\user\controller\DashboardController.java", "Java", 0, 19, 0, 8, 27
"c:\Users\Fire and Ice\Documents\GitHub\backend\plate_back\plate_back\src\main\java\com\example\demo\user\controller\ERCAController.java", "Java", 0, 100, 5, 42, 147
"c:\Users\Fire and Ice\Documents\GitHub\backend\plate_back\plate_back\src\main\java\com\example\demo\user\controller\FileController.java", "Java", 0, 67, 17, 10, 94
"c:\Users\Fire and Ice\Documents\GitHub\backend\plate_back\plate_back\src\main\java\com\example\demo\user\controller\RTGSController.java", "Java", 0, 158, 7, 38, 203
"c:\Users\Fire and Ice\Documents\GitHub\backend\plate_back\plate_back\src\main\java\com\example\demo\user\mapper\ErcaMapper.java", "Java", 0, 206, 2, 45, 253
"c:\Users\Fire and Ice\Documents\GitHub\backend\plate_back\plate_back\src\main\java\com\example\demo\user\mapper\MapperAccount.java", "Java", 0, 196, 83, 61, 340
"c:\Users\Fire and Ice\Documents\GitHub\backend\plate_back\plate_back\src\main\java\com\example\demo\user\mapper\MapperBTB.java", "Java", 0, 16, 0, 10, 26
"c:\Users\Fire and Ice\Documents\GitHub\backend\plate_back\plate_back\src\main\java\com\example\demo\user\mapper\MapperCurrency.java", "Java", 0, 66, 19, 30, 115
"c:\Users\Fire and Ice\Documents\GitHub\backend\plate_back\plate_back\src\main\java\com\example\demo\user\mapper\MapperDashboard.java", "Java", 0, 113, 3, 45, 161
"c:\Users\Fire and Ice\Documents\GitHub\backend\plate_back\plate_back\src\main\java\com\example\demo\user\mapper\MapperRTGS.java", "Java", 0, 758, 47, 152, 957
"c:\Users\Fire and Ice\Documents\GitHub\backend\plate_back\plate_back\src\main\java\com\example\demo\user\mapper\RolebackMapper.java", "Java", 0, 33, 0, 12, 45
"c:\Users\Fire and Ice\Documents\GitHub\backend\plate_back\plate_back\src\main\java\com\example\demo\user\model\Account.java", "Java", 0, 97, 0, 23, 120
"c:\Users\Fire and Ice\Documents\GitHub\backend\plate_back\plate_back\src\main\java\com\example\demo\user\model\AtsBeginningEnding.java", "Java", 0, 27, 0, 4, 31
"c:\Users\Fire and Ice\Documents\GitHub\backend\plate_back\plate_back\src\main\java\com\example\demo\user\model\BeginningEnding.java", "Java", 0, 45, 0, 4, 49
"c:\Users\Fire and Ice\Documents\GitHub\backend\plate_back\plate_back\src\main\java\com\example\demo\user\model\Currency.java", "Java", 0, 91, 0, 28, 119
"c:\Users\Fire and Ice\Documents\GitHub\backend\plate_back\plate_back\src\main\java\com\example\demo\user\model\Ee.java", "Java", 0, 38, 32, 10, 80
"c:\Users\Fire and Ice\Documents\GitHub\backend\plate_back\plate_back\src\main\java\com\example\demo\user\model\FileUpload.java", "Java", 0, 113, 0, 66, 179
"c:\Users\Fire and Ice\Documents\GitHub\backend\plate_back\plate_back\src\main\java\com\example\demo\user\model\File_erca_.java", "Java", 0, 99, 2, 6, 107
"c:\Users\Fire and Ice\Documents\GitHub\backend\plate_back\plate_back\src\main\java\com\example\demo\user\model\File_erca_.java", "Java", 0, 114, 1, 6, 121
"c:\Users\Fire and Ice\Documents\GitHub\backend\plate_back\plate_back\src\main\java\com\example\demo\user\model\File_rtgs__.java", "Java", 0, 224, 0, 165, 389
"c:\Users\Fire and Ice\Documents\GitHub\backend\plate_back\plate_back\src\main\java\com\example\demo\user\model\File_rtgs__ats.java", "Java", 0, 223, 0, 60, 283
"c:\Users\Fire and Ice\Documents\GitHub\backend\plate_back\plate_back\src\main\java\com\example\demo\user\model\GeneralTransactionHistory.java", "Java", 0, 98, 0, 27, 125
"c:\Users\Fire and Ice\Documents\GitHub\backend\plate_back\plate_back\src\main\java\com\example\demo\user\model\MatchDetailAts.java", "Java", 0, 80, 1, 6, 87
"c:\Users\Fire and Ice\Documents\GitHub\backend\plate_back\plate_back\src\main\java\com\example\demo\user\model\MatchDetail.java", "Java", 0, 80, 1, 7, 88
"c:\Users\Fire and Ice\Documents\GitHub\backend\plate_back\plate_back\src\main\java\com\example\demo\user\model\Notification.java", "Java", 0, 73, 0, 10, 83
"c:\Users\Fire and Ice\Documents\GitHub\backend\plate_back\plate_back\src\main\java\com\example\demo\user\model\SpecificTransactionHistory.java", "Java", 0, 55, 1, 5, 61
"c:\Users\Fire and Ice\Documents\GitHub\backend\plate_back\plate_back\src\main\java\com\example\demo\user\model\Transactionhistory.java", "Java", 0, 200, 1, 5, 206
"c:\Users\Fire and Ice\Documents\GitHub\backend\plate_back\plate_back\src\main\java\com\example\demo\user\notification\notificationController.java", "Java", 0, 3, 0, 3, 6
"c:\Users\Fire and Ice\Documents\GitHub\backend\plate_back\plate_back\src\main\java\com\example\demo\user\notification\notificationMapper.java", "Java", 0, 22, 0, 7, 29
"c:\Users\Fire and Ice\Documents\GitHub\backend\plate_back\plate_back\src\main\java\com\example\demo\user\notification\notificationModel.java", "Java", 0, 71, 1, 3, 75
"c:\Users\Fire and Ice\Documents\GitHub\backend\plate_back\plate_back\src\main\java\com\example\demo\user\notification\notificationService.java", "Java", 0, 28, 0, 10, 38
"c:\Users\Fire and Ice\Documents\GitHub\backend\plate_back\plate_back\src\main\java\com\example\demo\user\remark\AccountRemarkController.java", "Java", 0, 58, 0, 19, 77
"c:\Users\Fire and Ice\Documents\GitHub\backend\plate_back\plate_back\src\main\java\com\example\demo\user\remark\ReplayRemarkController.java", "Java", 0, 22, 0, 7, 29
"c:\Users\Fire and Ice\Documents\GitHub\backend\plate_back\plate_back\src\main\java\com\example\demo\user\remark\TotalRemark.java", "Java", 0, 14, 0, 4, 18
"c:\Users\Fire and Ice\Documents\GitHub\backend\plate_back\plate_back\src\main\java\com\example\demo\user\remark\remarkController.java", "Java", 0, 34, 0, 10, 44
"c:\Users\Fire and Ice\Documents\GitHub\backend\plate_back\plate_back\src\main\java\com\example\demo\user\remark\remarkMapper.java", "Java", 0, 64, 3, 21, 88
"c:\Users\Fire and Ice\Documents\GitHub\backend\plate_back\plate_back\src\main\java\com\example\demo\user\remark\remarkModel.java", "Java", 0, 114, 1, 3, 118
"c:\Users\Fire and Ice\Documents\GitHub\backend\plate_back\plate_back\src\main\java\com\example\demo\user\remark\remarkService.java", "Java", 0, 122, 3, 30, 155
"c:\Users\Fire and Ice\Documents\GitHub\backend\plate_back\plate_back\src\main\java\com\example\demo\user\service\AccountService.java", "Java", 0, 244, 24, 64, 332
"c:\Users\Fire and Ice\Documents\GitHub\backend\plate_back\plate_back\src\main\java\com\example\demo\user\service\AutomaticErcaService.java", "Java", 0, 47, 0, 13, 60
"c:\Users\Fire and Ice\Documents\GitHub\backend\plate_back\plate_back\src\main\java\com\example\demo\user\service\BTBService.java", "Java", 0, 1, 65, 0, 66
"c:\Users\Fire and Ice\Documents\GitHub\backend\plate_back\plate_back\src\main\java\com\example\demo\user\service\CurrencyService.java", "Java", 0, 157, 104, 46, 307
"c:\Users\Fire and Ice\Documents\GitHub\backend\plate_back\plate_back\src\main\java\com\example\demo\user\service\DashboardService.java", "Java", 0, 197, 39, 50, 286
"c:\Users\Fire and Ice\Documents\GitHub\backend\plate_back\plate_back\src\main\java\com\example\demo\user\service\ERCAService.java", "Java", 0, 381, 121, 83, 585
"c:\Users\Fire and Ice\Documents\GitHub\backend\plate_back\plate_back\src\main\java\com\example\demo\user\service\FileService.java", "Java", 0, 471, 83, 74, 628
"c:\Users\Fire and Ice\Documents\GitHub\backend\plate_back\plate_back\src\main\java\com\example\demo\user\service\RTGSService.java", "Java", 0, 1032, 66, 199, 1297
"c:\Users\Fire and Ice\Documents\GitHub\backend\plate_back\plate_back\src\main\java\com\example\demo\user\service\UploadExcelService_rtgs__.java", "Java", 0, 256, 32, 24, 312
"c:\Users\Fire and Ice\Documents\GitHub\backend\plate_back\plate_back\src\main\java\com\example\demo\user\service\UploadExcelService_rtgs__ats.java", "Java", 0, 239, 48, 20, 307
"c:\Users\Fire and Ice\Documents\GitHub\backend\plate_back\plate_back\src\main\java\com\example\demo\utils\ExcelHelper.java", "Java", 0, 441, 6, 41, 488
"c:\Users\Fire and Ice\Documents\GitHub\backend\plate_back\plate_back\src\main\java\com\example\demo\utils\ExcelUtils.java", "Java", 0, 128, 24, 15, 167
"c:\Users\Fire and Ice\Documents\GitHub\backend\plate_back\plate_back\src\main\java\com\example\demo\utils\PDFGenerator.java", "Java", 0, 298, 3, 44, 345
"c:\Users\Fire and Ice\Documents\GitHub\backend\plate_back\plate_back\src\main\java\com\example\demo\utils\Utils.java", "Java", 0, 170, 13, 41, 224
"c:\Users\Fire and Ice\Documents\GitHub\backend\plate_back\plate_back\src\main\resources\application.properties", "Java Properties", 16, 0, 13, 16, 45
"c:\Users\Fire and Ice\Documents\GitHub\backend\plate_back\plate_back\src\main\resources\utils_\utils_.properties", "Java Properties", 28, 0, 3, 7, 38
"Total", "-", 44, 13471, 1869, 3192, 18576